DAY,SIR,RSI,BF,ADV,PUBLIC
1,0.2937642149592516,50.78768925194013,0.022620165179963223,49272.08829630768,0.5094017273502238
